project,run_id,run_name,state,history_line_count,eval_acc,eval_format_acc,eval_total_reward,eval_answer_reward,eval_format_reward,eval_response_length,train_loss,train_entropy,train_gradient_norm,train_clip_fraction,train_answer_reward,train_format_reward,train_total_reward,train_step,eval_step,config_user_keys_empty
zero-shot baseline,,,finished,,0.0274,0.1450,,,,,,,,,,,,,,
sft,0apww5h6,num_example_128,finished,195,0.1032,0.4362,,,,,159,0.5330469608306885,,,,,192,3,true
sft,c3nyf7f2,num_example_256,finished,390,0.1562,0.5666,,,,,138,0.4584540128707886,,,,,384,6,true
sft,u69oaafw,num_example_512,finished,780,0.1872,0.6238,,,,,61.5,0.4419262707233429,,,,,768,12,true
sft,gtj71m79,num_example_1024,finished,1560,0.2226,0.7068,,,,,94.5,0.4516182243824005,,,,,1536,24,true
sft,acrxux7o,num_example_128_filtered,finished,195,0.115,0.4544,,,,,161,0.4879109859466553,,,,,192,3,true
sft,mtke2sfj,num_example_256_filtered,finished,390,0.1554,0.5654,,,,,82,0.4921971261501312,,,,,384,6,true
sft,6x3q6g8n,num_example_512_filtered,finished,780,0.176,0.609,,,,,101,0.39642369747161865,,,,,768,12,true
ei,d250kw7e,G_2_E_1,finished,87,0.0284,0.1722,,,,,247,1.7629135847091677,,,,,82,5,true
ei,3y19m46r,G_2_E_2,finished,427,0.1218,0.6342,,,,,66.5,0.6071776151657104,,,,,422,5,true
ei,e5m2n3ud,G_2_E_3,finished,686,0.1318,0.6682,,,,,54,1.0075422525405884,,,,,681,5,true
ei,e9e4wvcw,G_3_E_1,finished,125,0.0258,0.1662,,,,,29,0.20323094725608823,,,,,120,5,true
ei,6qeae18f,G_3_E_2,finished,649,0.137,0.6774,,,,,29.25,0.6718795895576477,,,,,644,5,true
ei,nfzvw1wt,G_3_E_3,finished,1019,0.1284,0.6574,,,,,55.5,0.8422023057937622,,,,,1014,5,true
ei,tltljzmu,G_4_E_1,finished,498,0.1308,0.6394,,,,,86.5,0.49973517656326294,,,,,493,5,true
ei,hikziftg,G_4_E_2,finished,1051,0.1304,0.6554,,,,,54.75,0.7412919402122498,,,,,1046,5,true
ei,szzl524a,G_4_E_3,finished,1655,0.1356,0.6618,,,,,76.5,0.8504309058189392,,,,,1650,5,true
ei,33jy1tzw,G_5_E_1,finished,690,0.1616,0.6488,,,,,33.5,0.3992283046245575,,,,,685,5,true
ei,t8btj8jt,G_5_E_2,finished,1581,0.1664,0.6388,,,,,91.5,0.8320516347885132,,,,,1576,5,true
ei,euwhwqzi,G_5_E_3,finished,2135,0.1478,0.6378,,,,,60.75,0.4178307056427002,,,,,2130,5,true
grpo-lr-sweep,0kmeh7k5,grpo_reinforce_lr1e-6,finished,220,,,0.0341796875,0.0341796875,0.2001953125,342.3623046875,-0.003174152323481394,0.7881011962890625,0.07421875,,0.03125,0.15625,0.03125,200,20,true
grpo-lr-sweep,a8nph3d1,grpo_reinforce_lr3e-6,finished,220,,,0.0390625,0.0390625,0.2373046875,339.5078125,-0.006299700260569807,0.7149925231933594,0.0751953125,,0,0.15625,0,200,20,true
grpo-lr-sweep,prvfjzgr,grpo_reinforce_lr1e-5,finished,220,,,0.146484375,0.146484375,0.6259765625,245.3515625,-0.026121629227418453,0.22344207763671875,1.1015625,,0.21875,0.78125,0.21875,200,20,true
grpo-lr-sweep,26m6e34q,grpo_reinforce_lr3e-5,finished,220,,,0.3955078125,0.3955078125,0.8828125,241.85546875,-0.37256391893606633,0.2654857635498047,10.375,,0.5,0.90625,0.5,200,20,true
grpo-lr-sweep,ryknfrsa,grpo_reinforce_lr1e-4,killed,82,,,0,0,0,848.1474609375,0,0.21840667724609375,0,,0,0,0,75,7,true
grpo-lr-sweep,wqml7wt3,grpo_reinforce_lr3e-4,killed,144,,,0,0,0,1022.0634765625,0,0.23233413696289065,0,,0,0,0,131,13,true
grpo-baseline-ablation,ng2mihy3,grpo_reinforce_with_baseline,finished,220,,,0.37109375,0.37109375,0.837890625,250.5341796875,-0.45329718562425114,0.13050174713134766,10.8125,,0.5625,0.84375,0.5625,200,20,true
grpo-baseline-ablation,2q1jb04r,grpo_no_baseline,finished,220,,,0.197265625,0.197265625,0.95703125,37.4599609375,0.15542095701675862,0.76800537109375,0.671875,,0.15625,1,0.15625,200,20,true
grpo-length-norm-ablation,hul49n2r,grpo_grpo,finished,220,,,0.25,0.25,0.71484375,256.91796875,-0.06693817125051282,0.15941810607910156,2.3125,,0.3125,0.75,0.3125,200,20,true
grpo-length-norm-ablation,ohleq3ks,grpo_dr-grpo,finished,220,,,0.3447265625,0.3447265625,0.8701171875,234.0634765625,-0.005770343008180134,0.2508659362792969,0.208984375,,0.53125,0.8125,0.53125,200,20,true
grpo-std-norm-ablation,pu4phvbe,grpo_std_norm_lr1e-5,finished,220,,,0.2978515625,0.2978515625,0.890625,212.953125,-0.1261630779481493,0.1330890655517578,6.40625,,0.3125,0.90625,0.3125,200,20,true
grpo-std-norm-ablation,pyp2f61c,grpo_no_std_norm_lr1e-5,finished,220,,,0.373046875,0.373046875,0.837890625,261.0693359375,-0.247834938854794,0.13146400451660156,12.625,,0.46875,0.8125,0.46875,200,20,true
grpo-off-policy-sweep,pmeica7x,grpo_ep1_bs256,finished,55,,,0.2578125,0.2578125,0.82421875,198.2734375,-0.06926344326348044,0.15840530395507812,3.234375,,0.4375,0.8125,0.4375,50,5,true
grpo-off-policy-sweep,ykqpk3d4,grpo_ep2_bs32,finished,805,,,0.1630859375,0.1630859375,0.3759765625,699.0166015625,0.05131137650460005,0.2309417724609375,1.2109375,0.04801829159259796,0.21875,0.375,0.21875,800,5,true
grpo-off-policy-sweep,p3o7ghc2,grpo_ep2_bs64,finished,405,,,0.3876953125,0.3876953125,0.8408203125,251.4638671875,-0.002399684162810445,0.2282257080078125,3.265625,0.041920728981494904,0.5625,0.9375,0.5625,400,5,true
grpo-off-policy-sweep,ens5k83f,grpo_ep2_bs128,finished,205,,,0.4013671875,0.4013671875,0.8857421875,247.62109375,0.01937458582688123,0.20130157470703125,2.25,0.036966461688280106,0.5625,0.84375,0.5625,200,5,true
grpo-off-policy-sweep,0r4dpvuo,grpo_ep2_bs256,finished,105,,,0.390625,0.390625,0.9072265625,225.67578125,0.0011814264580607414,0.1805992126464844,1.09375,0.031198685988783836,0.65625,0.96875,0.65625,100,5,true
grpo-off-policy-sweep,d009tt61,grpo_ep2_bs32,finished,805,,,0.3818359375,0.3818359375,0.8857421875,249.5498046875,-0.13081660657189786,0.127044677734375,2.96875,0.025533536449074745,0.5,0.84375,0.5,800,5,true
grpo-off-policy-sweep,0ub623wi,grpo_ep2_bs512,finished,55,,,0.232421875,0.232421875,0.8505859375,142.4326171875,-0.00000026047928258776665,0.09233474731445312,1.1875,0.0015243901871144772,0.375,0.9375,0.375,50,5,true
grpo-off-policy-sweep,x3l91jz3,grpo_ep4_bs32,finished,1605,,,0.2900390625,0.2900390625,0.50390625,571.775390625,-0.02387837925925851,0.082855224609375,7.625,0.07888719439506531,0.40625,0.53125,0.40625,1600,5,true
grpo-off-policy-sweep,r0k4swfr,grpo_ep4_bs64,finished,805,,,0.3330078125,0.3330078125,0.859375,228.5517578125,-0.059347963775508106,0.160125732421875,9.625,0.04153963178396225,0.53125,0.78125,0.53125,800,5,true
grpo-off-policy-sweep,vbsacusy,grpo_ep4_bs128,finished,405,,,0.3212890625,0.3212890625,0.8486328125,250.34375,-0.007838400022592396,0.16385269165039062,1.703125,0.040015242993831635,0.53125,0.9375,0.53125,400,5,true
grpo-off-policy-sweep,j9frkcon,grpo_ep4_bs256,finished,205,,,0.25,0.25,0.5048828125,391.6513671875,0.0009216179605573416,0.2226085662841797,3.234375,0.03544207289814949,0.375,0.5625,0.375,200,5,true
grpo-off-policy-sweep,55ui37pa,grpo_ep4_bs512,finished,105,,,0.3896484375,0.3896484375,0.9169921875,198.205078125,0.0005864666163688526,0.06399726867675781,0.83203125,0.03658536449074745,0.71875,1,0.71875,100,5,true
grpo-off-policy-sweep,bsmsuzyq,grpo_ep6_bs32,finished,2405,,,0.0966796875,0.0966796875,0.17578125,855.3173828125,-0.05264552170410752,0.025278091430664062,21.125,0.13910061120986938,0.15625,0.3125,0.15625,2400,5,true
grpo-off-policy-sweep,0tphuooo,grpo_ep6_bs64,crashed,1009,,,0.009765625,0.009765625,0.0517578125,649.5546875,0.001977375475689769,3.349853515625,0.07177734375,0.4191955029964447,0,0.03125,0,1005,4,true
grpo-prompt-ablation,auiix20i,grpo_r1-zero,finished,220,,,0.38671875,0.38671875,0.8779296875,255.4658203125,-0.2439831392839551,2.9914398193359375,4.78125,,0.625,0.78125,0.625,200,20,true
grpo-prompt-ablation,gu7kix6p,grpo_question-only,finished,220,,,0.5869140625,0.5869140625,0.861328125,576.916015625,-0.0024058570870693075,0.11008834838867188,0.034912109375,,0.6875,0.9375,0.6875,200,20,true
