project,run_id,run_name,state,metric,row_count,first_step,last_step,first_logical_step,last_logical_step
sft,0apww5h6,num_example_128,finished,eval/acc,3,64,194,1,3
sft,0apww5h6,num_example_128,finished,eval/format_acc,3,64,194,1,3
sft,0apww5h6,num_example_128,finished,eval_step,3,64,194,1,3
sft,0apww5h6,num_example_128,finished,train/entropy,192,0,193,1,192
sft,0apww5h6,num_example_128,finished,train/loss,192,0,193,1,192
sft,0apww5h6,num_example_128,finished,train_step,192,0,193,1,192
sft,c3nyf7f2,num_example_256,finished,eval/acc,6,64,389,1,6
sft,c3nyf7f2,num_example_256,finished,eval/format_acc,6,64,389,1,6
sft,c3nyf7f2,num_example_256,finished,eval_step,6,64,389,1,6
sft,c3nyf7f2,num_example_256,finished,train/entropy,384,0,388,1,384
sft,c3nyf7f2,num_example_256,finished,train/loss,384,0,388,1,384
sft,c3nyf7f2,num_example_256,finished,train_step,384,0,388,1,384
sft,u69oaafw,num_example_512,finished,eval/acc,12,64,779,1,12
sft,u69oaafw,num_example_512,finished,eval/format_acc,12,64,779,1,12
sft,u69oaafw,num_example_512,finished,eval_step,12,64,779,1,12
sft,u69oaafw,num_example_512,finished,train/entropy,768,0,778,1,768
sft,u69oaafw,num_example_512,finished,train/loss,768,0,778,1,768
sft,u69oaafw,num_example_512,finished,train_step,768,0,778,1,768
sft,gtj71m79,num_example_1024,finished,eval/acc,24,64,1559,1,24
sft,gtj71m79,num_example_1024,finished,eval/format_acc,24,64,1559,1,24
sft,gtj71m79,num_example_1024,finished,eval_step,24,64,1559,1,24
sft,gtj71m79,num_example_1024,finished,train/entropy,1536,0,1558,1,1536
sft,gtj71m79,num_example_1024,finished,train/loss,1536,0,1558,1,1536
sft,gtj71m79,num_example_1024,finished,train_step,1536,0,1558,1,1536
sft,acrxux7o,num_example_128_filtered,finished,eval/acc,3,64,194,1,3
sft,acrxux7o,num_example_128_filtered,finished,eval/format_acc,3,64,194,1,3
sft,acrxux7o,num_example_128_filtered,finished,eval_step,3,64,194,1,3
sft,acrxux7o,num_example_128_filtered,finished,train/entropy,192,0,193,1,192
sft,acrxux7o,num_example_128_filtered,finished,train/loss,192,0,193,1,192
sft,acrxux7o,num_example_128_filtered,finished,train_step,192,0,193,1,192
sft,mtke2sfj,num_example_256_filtered,finished,eval/acc,6,64,389,1,6
sft,mtke2sfj,num_example_256_filtered,finished,eval/format_acc,6,64,389,1,6
sft,mtke2sfj,num_example_256_filtered,finished,eval_step,6,64,389,1,6
sft,mtke2sfj,num_example_256_filtered,finished,train/entropy,384,0,388,1,384
sft,mtke2sfj,num_example_256_filtered,finished,train/loss,384,0,388,1,384
sft,mtke2sfj,num_example_256_filtered,finished,train_step,384,0,388,1,384
sft,6x3q6g8n,num_example_512_filtered,finished,eval/acc,12,64,779,1,12
sft,6x3q6g8n,num_example_512_filtered,finished,eval/format_acc,12,64,779,1,12
sft,6x3q6g8n,num_example_512_filtered,finished,eval_step,12,64,779,1,12
sft,6x3q6g8n,num_example_512_filtered,finished,train/entropy,768,0,778,1,768
sft,6x3q6g8n,num_example_512_filtered,finished,train/loss,768,0,778,1,768
sft,6x3q6g8n,num_example_512_filtered,finished,train_step,768,0,778,1,768
ei,d250kw7e,G_2_E_1,finished,eval/acc,5,16,86,1,5
ei,d250kw7e,G_2_E_1,finished,eval/format_acc,5,16,86,1,5
ei,d250kw7e,G_2_E_1,finished,eval_step,5,16,86,1,5
ei,d250kw7e,G_2_E_1,finished,train/entropy,82,0,85,1,82
ei,d250kw7e,G_2_E_1,finished,train/loss,82,0,85,1,82
ei,d250kw7e,G_2_E_1,finished,train_step,82,0,85,1,82
ei,3y19m46r,G_2_E_2,finished,eval/acc,5,32,426,1,5
ei,3y19m46r,G_2_E_2,finished,eval/format_acc,5,32,426,1,5
ei,3y19m46r,G_2_E_2,finished,eval_step,5,32,426,1,5
ei,3y19m46r,G_2_E_2,finished,train/entropy,422,0,425,1,422
ei,3y19m46r,G_2_E_2,finished,train/loss,422,0,425,1,422
ei,3y19m46r,G_2_E_2,finished,train_step,422,0,425,1,422
ei,e5m2n3ud,G_2_E_3,finished,eval/acc,5,48,685,1,5
ei,e5m2n3ud,G_2_E_3,finished,eval/format_acc,5,48,685,1,5
ei,e5m2n3ud,G_2_E_3,finished,eval_step,5,48,685,1,5
ei,e5m2n3ud,G_2_E_3,finished,train/entropy,681,0,684,1,681
ei,e5m2n3ud,G_2_E_3,finished,train/loss,681,0,684,1,681
ei,e5m2n3ud,G_2_E_3,finished,train_step,681,0,684,1,681
ei,e9e4wvcw,G_3_E_1,finished,eval/acc,5,25,124,1,5
ei,e9e4wvcw,G_3_E_1,finished,eval/format_acc,5,25,124,1,5
ei,e9e4wvcw,G_3_E_1,finished,eval_step,5,25,124,1,5
ei,e9e4wvcw,G_3_E_1,finished,train/entropy,120,0,123,1,120
ei,e9e4wvcw,G_3_E_1,finished,train/loss,120,0,123,1,120
ei,e9e4wvcw,G_3_E_1,finished,train_step,120,0,123,1,120
ei,6qeae18f,G_3_E_2,finished,eval/acc,5,50,648,1,5
ei,6qeae18f,G_3_E_2,finished,eval/format_acc,5,50,648,1,5
ei,6qeae18f,G_3_E_2,finished,eval_step,5,50,648,1,5
ei,6qeae18f,G_3_E_2,finished,train/entropy,644,0,647,1,644
ei,6qeae18f,G_3_E_2,finished,train/loss,644,0,647,1,644
ei,6qeae18f,G_3_E_2,finished,train_step,644,0,647,1,644
ei,nfzvw1wt,G_3_E_3,finished,eval/acc,5,75,1018,1,5
ei,nfzvw1wt,G_3_E_3,finished,eval/format_acc,5,75,1018,1,5
ei,nfzvw1wt,G_3_E_3,finished,eval_step,5,75,1018,1,5
ei,nfzvw1wt,G_3_E_3,finished,train/entropy,1014,0,1017,1,1014
ei,nfzvw1wt,G_3_E_3,finished,train/loss,1014,0,1017,1,1014
ei,nfzvw1wt,G_3_E_3,finished,train_step,1014,0,1017,1,1014
ei,tltljzmu,G_4_E_1,finished,eval/acc,5,33,497,1,5
ei,tltljzmu,G_4_E_1,finished,eval/format_acc,5,33,497,1,5
ei,tltljzmu,G_4_E_1,finished,eval_step,5,33,497,1,5
ei,tltljzmu,G_4_E_1,finished,train/entropy,493,0,496,1,493
ei,tltljzmu,G_4_E_1,finished,train/loss,493,0,496,1,493
ei,tltljzmu,G_4_E_1,finished,train_step,493,0,496,1,493
ei,hikziftg,G_4_E_2,finished,eval/acc,5,66,1050,1,5
ei,hikziftg,G_4_E_2,finished,eval/format_acc,5,66,1050,1,5
ei,hikziftg,G_4_E_2,finished,eval_step,5,66,1050,1,5
ei,hikziftg,G_4_E_2,finished,train/entropy,1046,0,1049,1,1046
ei,hikziftg,G_4_E_2,finished,train/loss,1046,0,1049,1,1046
ei,hikziftg,G_4_E_2,finished,train_step,1046,0,1049,1,1046
ei,szzl524a,G_4_E_3,finished,eval/acc,5,99,1654,1,5
ei,szzl524a,G_4_E_3,finished,eval/format_acc,5,99,1654,1,5
ei,szzl524a,G_4_E_3,finished,eval_step,5,99,1654,1,5
ei,szzl524a,G_4_E_3,finished,train/entropy,1650,0,1653,1,1650
ei,szzl524a,G_4_E_3,finished,train/loss,1650,0,1653,1,1650
ei,szzl524a,G_4_E_3,finished,train_step,1650,0,1653,1,1650
ei,33jy1tzw,G_5_E_1,finished,eval/acc,5,39,689,1,5
ei,33jy1tzw,G_5_E_1,finished,eval/format_acc,5,39,689,1,5
ei,33jy1tzw,G_5_E_1,finished,eval_step,5,39,689,1,5
ei,33jy1tzw,G_5_E_1,finished,train/entropy,685,0,688,1,685
ei,33jy1tzw,G_5_E_1,finished,train/loss,685,0,688,1,685
ei,33jy1tzw,G_5_E_1,finished,train_step,685,0,688,1,685
ei,t8btj8jt,G_5_E_2,finished,eval/acc,5,78,1580,1,5
ei,t8btj8jt,G_5_E_2,finished,eval/format_acc,5,78,1580,1,5
ei,t8btj8jt,G_5_E_2,finished,eval_step,5,78,1580,1,5
ei,t8btj8jt,G_5_E_2,finished,train/entropy,1576,0,1579,1,1576
ei,t8btj8jt,G_5_E_2,finished,train/loss,1576,0,1579,1,1576
ei,t8btj8jt,G_5_E_2,finished,train_step,1576,0,1579,1,1576
ei,euwhwqzi,G_5_E_3,finished,eval/acc,5,117,2134,1,5
ei,euwhwqzi,G_5_E_3,finished,eval/format_acc,5,117,2134,1,5
ei,euwhwqzi,G_5_E_3,finished,eval_step,5,117,2134,1,5
ei,euwhwqzi,G_5_E_3,finished,train/entropy,2130,0,2133,1,2130
ei,euwhwqzi,G_5_E_3,finished,train/loss,2130,0,2133,1,2130
ei,euwhwqzi,G_5_E_3,finished,train_step,2130,0,2133,1,2130
grpo-lr-sweep,0kmeh7k5,grpo_reinforce_lr1e-6,finished,eval/answer_reward,20,10,219,1,20
grpo-lr-sweep,0kmeh7k5,grpo_reinforce_lr1e-6,finished,eval/format_reward,20,10,219,1,20
grpo-lr-sweep,0kmeh7k5,grpo_reinforce_lr1e-6,finished,eval/response_length,20,10,219,1,20
grpo-lr-sweep,0kmeh7k5,grpo_reinforce_lr1e-6,finished,eval/total_reward,20,10,219,1,20
grpo-lr-sweep,0kmeh7k5,grpo_reinforce_lr1e-6,finished,eval_step,20,10,219,1,20
grpo-lr-sweep,0kmeh7k5,grpo_reinforce_lr1e-6,finished,train/answer_reward,200,0,218,1,200
grpo-lr-sweep,0kmeh7k5,grpo_reinforce_lr1e-6,finished,train/entropy,200,0,218,1,200
grpo-lr-sweep,0kmeh7k5,grpo_reinforce_lr1e-6,finished,train/format_reward,200,0,218,1,200
grpo-lr-sweep,0kmeh7k5,grpo_reinforce_lr1e-6,finished,train/gradient_norm,200,0,218,1,200
grpo-lr-sweep,0kmeh7k5,grpo_reinforce_lr1e-6,finished,train/loss,200,0,218,1,200
grpo-lr-sweep,0kmeh7k5,grpo_reinforce_lr1e-6,finished,train/total_reward,200,0,218,1,200
grpo-lr-sweep,0kmeh7k5,grpo_reinforce_lr1e-6,finished,train_step,200,0,218,1,200
grpo-lr-sweep,a8nph3d1,grpo_reinforce_lr3e-6,finished,eval/answer_reward,20,10,219,1,20
grpo-lr-sweep,a8nph3d1,grpo_reinforce_lr3e-6,finished,eval/format_reward,20,10,219,1,20
grpo-lr-sweep,a8nph3d1,grpo_reinforce_lr3e-6,finished,eval/response_length,20,10,219,1,20
grpo-lr-sweep,a8nph3d1,grpo_reinforce_lr3e-6,finished,eval/total_reward,20,10,219,1,20
grpo-lr-sweep,a8nph3d1,grpo_reinforce_lr3e-6,finished,eval_step,20,10,219,1,20
grpo-lr-sweep,a8nph3d1,grpo_reinforce_lr3e-6,finished,train/answer_reward,200,0,218,1,200
grpo-lr-sweep,a8nph3d1,grpo_reinforce_lr3e-6,finished,train/entropy,200,0,218,1,200
grpo-lr-sweep,a8nph3d1,grpo_reinforce_lr3e-6,finished,train/format_reward,200,0,218,1,200
grpo-lr-sweep,a8nph3d1,grpo_reinforce_lr3e-6,finished,train/gradient_norm,200,0,218,1,200
grpo-lr-sweep,a8nph3d1,grpo_reinforce_lr3e-6,finished,train/loss,200,0,218,1,200
grpo-lr-sweep,a8nph3d1,grpo_reinforce_lr3e-6,finished,train/total_reward,200,0,218,1,200
grpo-lr-sweep,a8nph3d1,grpo_reinforce_lr3e-6,finished,train_step,200,0,218,1,200
grpo-lr-sweep,prvfjzgr,grpo_reinforce_lr1e-5,finished,eval/answer_reward,20,10,219,1,20
grpo-lr-sweep,prvfjzgr,grpo_reinforce_lr1e-5,finished,eval/format_reward,20,10,219,1,20
grpo-lr-sweep,prvfjzgr,grpo_reinforce_lr1e-5,finished,eval/response_length,20,10,219,1,20
grpo-lr-sweep,prvfjzgr,grpo_reinforce_lr1e-5,finished,eval/total_reward,20,10,219,1,20
grpo-lr-sweep,prvfjzgr,grpo_reinforce_lr1e-5,finished,eval_step,20,10,219,1,20
grpo-lr-sweep,prvfjzgr,grpo_reinforce_lr1e-5,finished,train/answer_reward,200,0,218,1,200
grpo-lr-sweep,prvfjzgr,grpo_reinforce_lr1e-5,finished,train/entropy,200,0,218,1,200
grpo-lr-sweep,prvfjzgr,grpo_reinforce_lr1e-5,finished,train/format_reward,200,0,218,1,200
grpo-lr-sweep,prvfjzgr,grpo_reinforce_lr1e-5,finished,train/gradient_norm,200,0,218,1,200
grpo-lr-sweep,prvfjzgr,grpo_reinforce_lr1e-5,finished,train/loss,200,0,218,1,200
grpo-lr-sweep,prvfjzgr,grpo_reinforce_lr1e-5,finished,train/total_reward,200,0,218,1,200
grpo-lr-sweep,prvfjzgr,grpo_reinforce_lr1e-5,finished,train_step,200,0,218,1,200
grpo-lr-sweep,26m6e34q,grpo_reinforce_lr3e-5,finished,eval/answer_reward,20,10,219,1,20
grpo-lr-sweep,26m6e34q,grpo_reinforce_lr3e-5,finished,eval/format_reward,20,10,219,1,20
grpo-lr-sweep,26m6e34q,grpo_reinforce_lr3e-5,finished,eval/response_length,20,10,219,1,20
grpo-lr-sweep,26m6e34q,grpo_reinforce_lr3e-5,finished,eval/total_reward,20,10,219,1,20
grpo-lr-sweep,26m6e34q,grpo_reinforce_lr3e-5,finished,eval_step,20,10,219,1,20
grpo-lr-sweep,26m6e34q,grpo_reinforce_lr3e-5,finished,train/answer_reward,200,0,218,1,200
grpo-lr-sweep,26m6e34q,grpo_reinforce_lr3e-5,finished,train/entropy,200,0,218,1,200
grpo-lr-sweep,26m6e34q,grpo_reinforce_lr3e-5,finished,train/format_reward,200,0,218,1,200
grpo-lr-sweep,26m6e34q,grpo_reinforce_lr3e-5,finished,train/gradient_norm,200,0,218,1,200
grpo-lr-sweep,26m6e34q,grpo_reinforce_lr3e-5,finished,train/loss,200,0,218,1,200
grpo-lr-sweep,26m6e34q,grpo_reinforce_lr3e-5,finished,train/total_reward,200,0,218,1,200
grpo-lr-sweep,26m6e34q,grpo_reinforce_lr3e-5,finished,train_step,200,0,218,1,200
grpo-lr-sweep,ryknfrsa,grpo_reinforce_lr1e-4,killed,eval/answer_reward,7,10,76,1,7
grpo-lr-sweep,ryknfrsa,grpo_reinforce_lr1e-4,killed,eval/format_reward,7,10,76,1,7
grpo-lr-sweep,ryknfrsa,grpo_reinforce_lr1e-4,killed,eval/response_length,7,10,76,1,7
grpo-lr-sweep,ryknfrsa,grpo_reinforce_lr1e-4,killed,eval/total_reward,7,10,76,1,7
grpo-lr-sweep,ryknfrsa,grpo_reinforce_lr1e-4,killed,eval_step,7,10,76,1,7
grpo-lr-sweep,ryknfrsa,grpo_reinforce_lr1e-4,killed,train/answer_reward,75,0,81,1,75
grpo-lr-sweep,ryknfrsa,grpo_reinforce_lr1e-4,killed,train/entropy,75,0,81,1,75
grpo-lr-sweep,ryknfrsa,grpo_reinforce_lr1e-4,killed,train/format_reward,75,0,81,1,75
grpo-lr-sweep,ryknfrsa,grpo_reinforce_lr1e-4,killed,train/gradient_norm,75,0,81,1,75
grpo-lr-sweep,ryknfrsa,grpo_reinforce_lr1e-4,killed,train/loss,75,0,81,1,75
grpo-lr-sweep,ryknfrsa,grpo_reinforce_lr1e-4,killed,train/total_reward,75,0,81,1,75
grpo-lr-sweep,ryknfrsa,grpo_reinforce_lr1e-4,killed,train_step,75,0,81,1,75
grpo-lr-sweep,wqml7wt3,grpo_reinforce_lr3e-4,killed,eval/answer_reward,13,10,142,1,13
grpo-lr-sweep,wqml7wt3,grpo_reinforce_lr3e-4,killed,eval/format_reward,13,10,142,1,13
grpo-lr-sweep,wqml7wt3,grpo_reinforce_lr3e-4,killed,eval/response_length,13,10,142,1,13
grpo-lr-sweep,wqml7wt3,grpo_reinforce_lr3e-4,killed,eval/total_reward,13,10,142,1,13
grpo-lr-sweep,wqml7wt3,grpo_reinforce_lr3e-4,killed,eval_step,13,10,142,1,13
grpo-lr-sweep,wqml7wt3,grpo_reinforce_lr3e-4,killed,train/answer_reward,131,0,143,1,131
grpo-lr-sweep,wqml7wt3,grpo_reinforce_lr3e-4,killed,train/entropy,131,0,143,1,131
grpo-lr-sweep,wqml7wt3,grpo_reinforce_lr3e-4,killed,train/format_reward,131,0,143,1,131
grpo-lr-sweep,wqml7wt3,grpo_reinforce_lr3e-4,killed,train/gradient_norm,131,0,143,1,131
grpo-lr-sweep,wqml7wt3,grpo_reinforce_lr3e-4,killed,train/loss,131,0,143,1,131
grpo-lr-sweep,wqml7wt3,grpo_reinforce_lr3e-4,killed,train/total_reward,131,0,143,1,131
grpo-lr-sweep,wqml7wt3,grpo_reinforce_lr3e-4,killed,train_step,131,0,143,1,131
grpo-baseline-ablation,ng2mihy3,grpo_reinforce_with_baseline,finished,eval/answer_reward,20,10,219,1,20
grpo-baseline-ablation,ng2mihy3,grpo_reinforce_with_baseline,finished,eval/format_reward,20,10,219,1,20
grpo-baseline-ablation,ng2mihy3,grpo_reinforce_with_baseline,finished,eval/response_length,20,10,219,1,20
grpo-baseline-ablation,ng2mihy3,grpo_reinforce_with_baseline,finished,eval/total_reward,20,10,219,1,20
grpo-baseline-ablation,ng2mihy3,grpo_reinforce_with_baseline,finished,eval_step,20,10,219,1,20
grpo-baseline-ablation,ng2mihy3,grpo_reinforce_with_baseline,finished,train/answer_reward,200,0,218,1,200
grpo-baseline-ablation,ng2mihy3,grpo_reinforce_with_baseline,finished,train/entropy,200,0,218,1,200
grpo-baseline-ablation,ng2mihy3,grpo_reinforce_with_baseline,finished,train/format_reward,200,0,218,1,200
grpo-baseline-ablation,ng2mihy3,grpo_reinforce_with_baseline,finished,train/gradient_norm,200,0,218,1,200
grpo-baseline-ablation,ng2mihy3,grpo_reinforce_with_baseline,finished,train/loss,200,0,218,1,200
grpo-baseline-ablation,ng2mihy3,grpo_reinforce_with_baseline,finished,train/total_reward,200,0,218,1,200
grpo-baseline-ablation,ng2mihy3,grpo_reinforce_with_baseline,finished,train_step,200,0,218,1,200
grpo-baseline-ablation,2q1jb04r,grpo_no_baseline,finished,eval/answer_reward,20,10,219,1,20
grpo-baseline-ablation,2q1jb04r,grpo_no_baseline,finished,eval/format_reward,20,10,219,1,20
grpo-baseline-ablation,2q1jb04r,grpo_no_baseline,finished,eval/response_length,20,10,219,1,20
grpo-baseline-ablation,2q1jb04r,grpo_no_baseline,finished,eval/total_reward,20,10,219,1,20
grpo-baseline-ablation,2q1jb04r,grpo_no_baseline,finished,eval_step,20,10,219,1,20
grpo-baseline-ablation,2q1jb04r,grpo_no_baseline,finished,train/answer_reward,200,0,218,1,200
grpo-baseline-ablation,2q1jb04r,grpo_no_baseline,finished,train/entropy,200,0,218,1,200
grpo-baseline-ablation,2q1jb04r,grpo_no_baseline,finished,train/format_reward,200,0,218,1,200
grpo-baseline-ablation,2q1jb04r,grpo_no_baseline,finished,train/gradient_norm,200,0,218,1,200
grpo-baseline-ablation,2q1jb04r,grpo_no_baseline,finished,train/loss,200,0,218,1,200
grpo-baseline-ablation,2q1jb04r,grpo_no_baseline,finished,train/total_reward,200,0,218,1,200
grpo-baseline-ablation,2q1jb04r,grpo_no_baseline,finished,train_step,200,0,218,1,200
grpo-length-norm-ablation,hul49n2r,grpo_grpo,finished,eval/answer_reward,20,10,219,1,20
grpo-length-norm-ablation,hul49n2r,grpo_grpo,finished,eval/format_reward,20,10,219,1,20
grpo-length-norm-ablation,hul49n2r,grpo_grpo,finished,eval/response_length,20,10,219,1,20
grpo-length-norm-ablation,hul49n2r,grpo_grpo,finished,eval/total_reward,20,10,219,1,20
grpo-length-norm-ablation,hul49n2r,grpo_grpo,finished,eval_step,20,10,219,1,20
grpo-length-norm-ablation,hul49n2r,grpo_grpo,finished,train/answer_reward,200,0,218,1,200
grpo-length-norm-ablation,hul49n2r,grpo_grpo,finished,train/entropy,200,0,218,1,200
grpo-length-norm-ablation,hul49n2r,grpo_grpo,finished,train/format_reward,200,0,218,1,200
grpo-length-norm-ablation,hul49n2r,grpo_grpo,finished,train/gradient_norm,200,0,218,1,200
grpo-length-norm-ablation,hul49n2r,grpo_grpo,finished,train/loss,200,0,218,1,200
grpo-length-norm-ablation,hul49n2r,grpo_grpo,finished,train/total_reward,200,0,218,1,200
grpo-length-norm-ablation,hul49n2r,grpo_grpo,finished,train_step,200,0,218,1,200
grpo-length-norm-ablation,ohleq3ks,grpo_dr-grpo,finished,eval/answer_reward,20,10,219,1,20
grpo-length-norm-ablation,ohleq3ks,grpo_dr-grpo,finished,eval/format_reward,20,10,219,1,20
grpo-length-norm-ablation,ohleq3ks,grpo_dr-grpo,finished,eval/response_length,20,10,219,1,20
grpo-length-norm-ablation,ohleq3ks,grpo_dr-grpo,finished,eval/total_reward,20,10,219,1,20
grpo-length-norm-ablation,ohleq3ks,grpo_dr-grpo,finished,eval_step,20,10,219,1,20
grpo-length-norm-ablation,ohleq3ks,grpo_dr-grpo,finished,train/answer_reward,200,0,218,1,200
grpo-length-norm-ablation,ohleq3ks,grpo_dr-grpo,finished,train/entropy,200,0,218,1,200
grpo-length-norm-ablation,ohleq3ks,grpo_dr-grpo,finished,train/format_reward,200,0,218,1,200
grpo-length-norm-ablation,ohleq3ks,grpo_dr-grpo,finished,train/gradient_norm,200,0,218,1,200
grpo-length-norm-ablation,ohleq3ks,grpo_dr-grpo,finished,train/loss,200,0,218,1,200
grpo-length-norm-ablation,ohleq3ks,grpo_dr-grpo,finished,train/total_reward,200,0,218,1,200
grpo-length-norm-ablation,ohleq3ks,grpo_dr-grpo,finished,train_step,200,0,218,1,200
grpo-std-norm-ablation,pu4phvbe,grpo_std_norm_lr1e-5,finished,eval/answer_reward,20,10,219,1,20
grpo-std-norm-ablation,pu4phvbe,grpo_std_norm_lr1e-5,finished,eval/format_reward,20,10,219,1,20
grpo-std-norm-ablation,pu4phvbe,grpo_std_norm_lr1e-5,finished,eval/response_length,20,10,219,1,20
grpo-std-norm-ablation,pu4phvbe,grpo_std_norm_lr1e-5,finished,eval/total_reward,20,10,219,1,20
grpo-std-norm-ablation,pu4phvbe,grpo_std_norm_lr1e-5,finished,eval_step,20,10,219,1,20
grpo-std-norm-ablation,pu4phvbe,grpo_std_norm_lr1e-5,finished,train/answer_reward,200,0,218,1,200
grpo-std-norm-ablation,pu4phvbe,grpo_std_norm_lr1e-5,finished,train/entropy,200,0,218,1,200
grpo-std-norm-ablation,pu4phvbe,grpo_std_norm_lr1e-5,finished,train/format_reward,200,0,218,1,200
grpo-std-norm-ablation,pu4phvbe,grpo_std_norm_lr1e-5,finished,train/gradient_norm,200,0,218,1,200
grpo-std-norm-ablation,pu4phvbe,grpo_std_norm_lr1e-5,finished,train/loss,200,0,218,1,200
grpo-std-norm-ablation,pu4phvbe,grpo_std_norm_lr1e-5,finished,train/total_reward,200,0,218,1,200
grpo-std-norm-ablation,pu4phvbe,grpo_std_norm_lr1e-5,finished,train_step,200,0,218,1,200
grpo-std-norm-ablation,pyp2f61c,grpo_no_std_norm_lr1e-5,finished,eval/answer_reward,20,10,219,1,20
grpo-std-norm-ablation,pyp2f61c,grpo_no_std_norm_lr1e-5,finished,eval/format_reward,20,10,219,1,20
grpo-std-norm-ablation,pyp2f61c,grpo_no_std_norm_lr1e-5,finished,eval/response_length,20,10,219,1,20
grpo-std-norm-ablation,pyp2f61c,grpo_no_std_norm_lr1e-5,finished,eval/total_reward,20,10,219,1,20
grpo-std-norm-ablation,pyp2f61c,grpo_no_std_norm_lr1e-5,finished,eval_step,20,10,219,1,20
grpo-std-norm-ablation,pyp2f61c,grpo_no_std_norm_lr1e-5,finished,train/answer_reward,200,0,218,1,200
grpo-std-norm-ablation,pyp2f61c,grpo_no_std_norm_lr1e-5,finished,train/entropy,200,0,218,1,200
grpo-std-norm-ablation,pyp2f61c,grpo_no_std_norm_lr1e-5,finished,train/format_reward,200,0,218,1,200
grpo-std-norm-ablation,pyp2f61c,grpo_no_std_norm_lr1e-5,finished,train/gradient_norm,200,0,218,1,200
grpo-std-norm-ablation,pyp2f61c,grpo_no_std_norm_lr1e-5,finished,train/loss,200,0,218,1,200
grpo-std-norm-ablation,pyp2f61c,grpo_no_std_norm_lr1e-5,finished,train/total_reward,200,0,218,1,200
grpo-std-norm-ablation,pyp2f61c,grpo_no_std_norm_lr1e-5,finished,train_step,200,0,218,1,200
grpo-off-policy-sweep,pmeica7x,grpo_ep1_bs256,finished,eval/answer_reward,5,10,54,1,5
grpo-off-policy-sweep,pmeica7x,grpo_ep1_bs256,finished,eval/format_reward,5,10,54,1,5
grpo-off-policy-sweep,pmeica7x,grpo_ep1_bs256,finished,eval/response_length,5,10,54,1,5
grpo-off-policy-sweep,pmeica7x,grpo_ep1_bs256,finished,eval/total_reward,5,10,54,1,5
grpo-off-policy-sweep,pmeica7x,grpo_ep1_bs256,finished,eval_step,5,10,54,1,5
grpo-off-policy-sweep,pmeica7x,grpo_ep1_bs256,finished,train/answer_reward,50,0,53,1,50
grpo-off-policy-sweep,pmeica7x,grpo_ep1_bs256,finished,train/clip_fraction,0,,,,
grpo-off-policy-sweep,pmeica7x,grpo_ep1_bs256,finished,train/entropy,50,0,53,1,50
grpo-off-policy-sweep,pmeica7x,grpo_ep1_bs256,finished,train/format_reward,50,0,53,1,50
grpo-off-policy-sweep,pmeica7x,grpo_ep1_bs256,finished,train/gradient_norm,50,0,53,1,50
grpo-off-policy-sweep,pmeica7x,grpo_ep1_bs256,finished,train/loss,50,0,53,1,50
grpo-off-policy-sweep,pmeica7x,grpo_ep1_bs256,finished,train/total_reward,50,0,53,1,50
grpo-off-policy-sweep,pmeica7x,grpo_ep1_bs256,finished,train_step,50,0,53,1,50
grpo-off-policy-sweep,ykqpk3d4,grpo_ep2_bs32,finished,eval/answer_reward,5,160,804,1,5
grpo-off-policy-sweep,ykqpk3d4,grpo_ep2_bs32,finished,eval/format_reward,5,160,804,1,5
grpo-off-policy-sweep,ykqpk3d4,grpo_ep2_bs32,finished,eval/response_length,5,160,804,1,5
grpo-off-policy-sweep,ykqpk3d4,grpo_ep2_bs32,finished,eval/total_reward,5,160,804,1,5
grpo-off-policy-sweep,ykqpk3d4,grpo_ep2_bs32,finished,eval_step,5,160,804,1,5
grpo-off-policy-sweep,ykqpk3d4,grpo_ep2_bs32,finished,train/answer_reward,800,0,803,1,800
grpo-off-policy-sweep,ykqpk3d4,grpo_ep2_bs32,finished,train/clip_fraction,800,0,803,1,800
grpo-off-policy-sweep,ykqpk3d4,grpo_ep2_bs32,finished,train/entropy,800,0,803,1,800
grpo-off-policy-sweep,ykqpk3d4,grpo_ep2_bs32,finished,train/format_reward,800,0,803,1,800
grpo-off-policy-sweep,ykqpk3d4,grpo_ep2_bs32,finished,train/gradient_norm,800,0,803,1,800
grpo-off-policy-sweep,ykqpk3d4,grpo_ep2_bs32,finished,train/loss,800,0,803,1,800
grpo-off-policy-sweep,ykqpk3d4,grpo_ep2_bs32,finished,train/total_reward,800,0,803,1,800
grpo-off-policy-sweep,ykqpk3d4,grpo_ep2_bs32,finished,train_step,800,0,803,1,800
grpo-off-policy-sweep,p3o7ghc2,grpo_ep2_bs64,finished,eval/answer_reward,5,80,404,1,5
grpo-off-policy-sweep,p3o7ghc2,grpo_ep2_bs64,finished,eval/format_reward,5,80,404,1,5
grpo-off-policy-sweep,p3o7ghc2,grpo_ep2_bs64,finished,eval/response_length,5,80,404,1,5
grpo-off-policy-sweep,p3o7ghc2,grpo_ep2_bs64,finished,eval/total_reward,5,80,404,1,5
grpo-off-policy-sweep,p3o7ghc2,grpo_ep2_bs64,finished,eval_step,5,80,404,1,5
grpo-off-policy-sweep,p3o7ghc2,grpo_ep2_bs64,finished,train/answer_reward,400,0,403,1,400
grpo-off-policy-sweep,p3o7ghc2,grpo_ep2_bs64,finished,train/clip_fraction,400,0,403,1,400
grpo-off-policy-sweep,p3o7ghc2,grpo_ep2_bs64,finished,train/entropy,400,0,403,1,400
grpo-off-policy-sweep,p3o7ghc2,grpo_ep2_bs64,finished,train/format_reward,400,0,403,1,400
grpo-off-policy-sweep,p3o7ghc2,grpo_ep2_bs64,finished,train/gradient_norm,400,0,403,1,400
grpo-off-policy-sweep,p3o7ghc2,grpo_ep2_bs64,finished,train/loss,400,0,403,1,400
grpo-off-policy-sweep,p3o7ghc2,grpo_ep2_bs64,finished,train/total_reward,400,0,403,1,400
grpo-off-policy-sweep,p3o7ghc2,grpo_ep2_bs64,finished,train_step,400,0,403,1,400
grpo-off-policy-sweep,ens5k83f,grpo_ep2_bs128,finished,eval/answer_reward,5,40,204,1,5
grpo-off-policy-sweep,ens5k83f,grpo_ep2_bs128,finished,eval/format_reward,5,40,204,1,5
grpo-off-policy-sweep,ens5k83f,grpo_ep2_bs128,finished,eval/response_length,5,40,204,1,5
grpo-off-policy-sweep,ens5k83f,grpo_ep2_bs128,finished,eval/total_reward,5,40,204,1,5
grpo-off-policy-sweep,ens5k83f,grpo_ep2_bs128,finished,eval_step,5,40,204,1,5
grpo-off-policy-sweep,ens5k83f,grpo_ep2_bs128,finished,train/answer_reward,200,0,203,1,200
grpo-off-policy-sweep,ens5k83f,grpo_ep2_bs128,finished,train/clip_fraction,200,0,203,1,200
grpo-off-policy-sweep,ens5k83f,grpo_ep2_bs128,finished,train/entropy,200,0,203,1,200
grpo-off-policy-sweep,ens5k83f,grpo_ep2_bs128,finished,train/format_reward,200,0,203,1,200
grpo-off-policy-sweep,ens5k83f,grpo_ep2_bs128,finished,train/gradient_norm,200,0,203,1,200
grpo-off-policy-sweep,ens5k83f,grpo_ep2_bs128,finished,train/loss,200,0,203,1,200
grpo-off-policy-sweep,ens5k83f,grpo_ep2_bs128,finished,train/total_reward,200,0,203,1,200
grpo-off-policy-sweep,ens5k83f,grpo_ep2_bs128,finished,train_step,200,0,203,1,200
grpo-off-policy-sweep,0r4dpvuo,grpo_ep2_bs256,finished,eval/answer_reward,5,20,104,1,5
grpo-off-policy-sweep,0r4dpvuo,grpo_ep2_bs256,finished,eval/format_reward,5,20,104,1,5
grpo-off-policy-sweep,0r4dpvuo,grpo_ep2_bs256,finished,eval/response_length,5,20,104,1,5
grpo-off-policy-sweep,0r4dpvuo,grpo_ep2_bs256,finished,eval/total_reward,5,20,104,1,5
grpo-off-policy-sweep,0r4dpvuo,grpo_ep2_bs256,finished,eval_step,5,20,104,1,5
grpo-off-policy-sweep,0r4dpvuo,grpo_ep2_bs256,finished,train/answer_reward,100,0,103,1,100
grpo-off-policy-sweep,0r4dpvuo,grpo_ep2_bs256,finished,train/clip_fraction,100,0,103,1,100
grpo-off-policy-sweep,0r4dpvuo,grpo_ep2_bs256,finished,train/entropy,100,0,103,1,100
grpo-off-policy-sweep,0r4dpvuo,grpo_ep2_bs256,finished,train/format_reward,100,0,103,1,100
grpo-off-policy-sweep,0r4dpvuo,grpo_ep2_bs256,finished,train/gradient_norm,100,0,103,1,100
grpo-off-policy-sweep,0r4dpvuo,grpo_ep2_bs256,finished,train/loss,100,0,103,1,100
grpo-off-policy-sweep,0r4dpvuo,grpo_ep2_bs256,finished,train/total_reward,100,0,103,1,100
grpo-off-policy-sweep,0r4dpvuo,grpo_ep2_bs256,finished,train_step,100,0,103,1,100
grpo-off-policy-sweep,d009tt61,grpo_ep2_bs32,finished,eval/answer_reward,5,160,804,1,5
grpo-off-policy-sweep,d009tt61,grpo_ep2_bs32,finished,eval/format_reward,5,160,804,1,5
grpo-off-policy-sweep,d009tt61,grpo_ep2_bs32,finished,eval/response_length,5,160,804,1,5
grpo-off-policy-sweep,d009tt61,grpo_ep2_bs32,finished,eval/total_reward,5,160,804,1,5
grpo-off-policy-sweep,d009tt61,grpo_ep2_bs32,finished,eval_step,5,160,804,1,5
grpo-off-policy-sweep,d009tt61,grpo_ep2_bs32,finished,train/answer_reward,800,0,803,1,800
grpo-off-policy-sweep,d009tt61,grpo_ep2_bs32,finished,train/clip_fraction,800,0,803,1,800
grpo-off-policy-sweep,d009tt61,grpo_ep2_bs32,finished,train/entropy,800,0,803,1,800
grpo-off-policy-sweep,d009tt61,grpo_ep2_bs32,finished,train/format_reward,800,0,803,1,800
grpo-off-policy-sweep,d009tt61,grpo_ep2_bs32,finished,train/gradient_norm,800,0,803,1,800
grpo-off-policy-sweep,d009tt61,grpo_ep2_bs32,finished,train/loss,800,0,803,1,800
grpo-off-policy-sweep,d009tt61,grpo_ep2_bs32,finished,train/total_reward,800,0,803,1,800
grpo-off-policy-sweep,d009tt61,grpo_ep2_bs32,finished,train_step,800,0,803,1,800
grpo-off-policy-sweep,0ub623wi,grpo_ep2_bs512,finished,eval/answer_reward,5,10,54,1,5
grpo-off-policy-sweep,0ub623wi,grpo_ep2_bs512,finished,eval/format_reward,5,10,54,1,5
grpo-off-policy-sweep,0ub623wi,grpo_ep2_bs512,finished,eval/response_length,5,10,54,1,5
grpo-off-policy-sweep,0ub623wi,grpo_ep2_bs512,finished,eval/total_reward,5,10,54,1,5
grpo-off-policy-sweep,0ub623wi,grpo_ep2_bs512,finished,eval_step,5,10,54,1,5
grpo-off-policy-sweep,0ub623wi,grpo_ep2_bs512,finished,train/answer_reward,50,0,53,1,50
grpo-off-policy-sweep,0ub623wi,grpo_ep2_bs512,finished,train/clip_fraction,50,0,53,1,50
grpo-off-policy-sweep,0ub623wi,grpo_ep2_bs512,finished,train/entropy,50,0,53,1,50
grpo-off-policy-sweep,0ub623wi,grpo_ep2_bs512,finished,train/format_reward,50,0,53,1,50
grpo-off-policy-sweep,0ub623wi,grpo_ep2_bs512,finished,train/gradient_norm,50,0,53,1,50
grpo-off-policy-sweep,0ub623wi,grpo_ep2_bs512,finished,train/loss,50,0,53,1,50
grpo-off-policy-sweep,0ub623wi,grpo_ep2_bs512,finished,train/total_reward,50,0,53,1,50
grpo-off-policy-sweep,0ub623wi,grpo_ep2_bs512,finished,train_step,50,0,53,1,50
grpo-off-policy-sweep,x3l91jz3,grpo_ep4_bs32,finished,eval/answer_reward,5,320,1604,1,5
grpo-off-policy-sweep,x3l91jz3,grpo_ep4_bs32,finished,eval/format_reward,5,320,1604,1,5
grpo-off-policy-sweep,x3l91jz3,grpo_ep4_bs32,finished,eval/response_length,5,320,1604,1,5
grpo-off-policy-sweep,x3l91jz3,grpo_ep4_bs32,finished,eval/total_reward,5,320,1604,1,5
grpo-off-policy-sweep,x3l91jz3,grpo_ep4_bs32,finished,eval_step,5,320,1604,1,5
grpo-off-policy-sweep,x3l91jz3,grpo_ep4_bs32,finished,train/answer_reward,1600,0,1603,1,1600
grpo-off-policy-sweep,x3l91jz3,grpo_ep4_bs32,finished,train/clip_fraction,1600,0,1603,1,1600
grpo-off-policy-sweep,x3l91jz3,grpo_ep4_bs32,finished,train/entropy,1600,0,1603,1,1600
grpo-off-policy-sweep,x3l91jz3,grpo_ep4_bs32,finished,train/format_reward,1600,0,1603,1,1600
grpo-off-policy-sweep,x3l91jz3,grpo_ep4_bs32,finished,train/gradient_norm,1600,0,1603,1,1600
grpo-off-policy-sweep,x3l91jz3,grpo_ep4_bs32,finished,train/loss,1600,0,1603,1,1600
grpo-off-policy-sweep,x3l91jz3,grpo_ep4_bs32,finished,train/total_reward,1600,0,1603,1,1600
grpo-off-policy-sweep,x3l91jz3,grpo_ep4_bs32,finished,train_step,1600,0,1603,1,1600
grpo-off-policy-sweep,r0k4swfr,grpo_ep4_bs64,finished,eval/answer_reward,5,160,804,1,5
grpo-off-policy-sweep,r0k4swfr,grpo_ep4_bs64,finished,eval/format_reward,5,160,804,1,5
grpo-off-policy-sweep,r0k4swfr,grpo_ep4_bs64,finished,eval/response_length,5,160,804,1,5
grpo-off-policy-sweep,r0k4swfr,grpo_ep4_bs64,finished,eval/total_reward,5,160,804,1,5
grpo-off-policy-sweep,r0k4swfr,grpo_ep4_bs64,finished,eval_step,5,160,804,1,5
grpo-off-policy-sweep,r0k4swfr,grpo_ep4_bs64,finished,train/answer_reward,800,0,803,1,800
grpo-off-policy-sweep,r0k4swfr,grpo_ep4_bs64,finished,train/clip_fraction,800,0,803,1,800
grpo-off-policy-sweep,r0k4swfr,grpo_ep4_bs64,finished,train/entropy,800,0,803,1,800
grpo-off-policy-sweep,r0k4swfr,grpo_ep4_bs64,finished,train/format_reward,800,0,803,1,800
grpo-off-policy-sweep,r0k4swfr,grpo_ep4_bs64,finished,train/gradient_norm,800,0,803,1,800
grpo-off-policy-sweep,r0k4swfr,grpo_ep4_bs64,finished,train/loss,800,0,803,1,800
grpo-off-policy-sweep,r0k4swfr,grpo_ep4_bs64,finished,train/total_reward,800,0,803,1,800
grpo-off-policy-sweep,r0k4swfr,grpo_ep4_bs64,finished,train_step,800,0,803,1,800
grpo-off-policy-sweep,vbsacusy,grpo_ep4_bs128,finished,eval/answer_reward,5,80,404,1,5
grpo-off-policy-sweep,vbsacusy,grpo_ep4_bs128,finished,eval/format_reward,5,80,404,1,5
grpo-off-policy-sweep,vbsacusy,grpo_ep4_bs128,finished,eval/response_length,5,80,404,1,5
grpo-off-policy-sweep,vbsacusy,grpo_ep4_bs128,finished,eval/total_reward,5,80,404,1,5
grpo-off-policy-sweep,vbsacusy,grpo_ep4_bs128,finished,eval_step,5,80,404,1,5
grpo-off-policy-sweep,vbsacusy,grpo_ep4_bs128,finished,train/answer_reward,400,0,403,1,400
grpo-off-policy-sweep,vbsacusy,grpo_ep4_bs128,finished,train/clip_fraction,400,0,403,1,400
grpo-off-policy-sweep,vbsacusy,grpo_ep4_bs128,finished,train/entropy,400,0,403,1,400
grpo-off-policy-sweep,vbsacusy,grpo_ep4_bs128,finished,train/format_reward,400,0,403,1,400
grpo-off-policy-sweep,vbsacusy,grpo_ep4_bs128,finished,train/gradient_norm,400,0,403,1,400
grpo-off-policy-sweep,vbsacusy,grpo_ep4_bs128,finished,train/loss,400,0,403,1,400
grpo-off-policy-sweep,vbsacusy,grpo_ep4_bs128,finished,train/total_reward,400,0,403,1,400
grpo-off-policy-sweep,vbsacusy,grpo_ep4_bs128,finished,train_step,400,0,403,1,400
grpo-off-policy-sweep,j9frkcon,grpo_ep4_bs256,finished,eval/answer_reward,5,40,204,1,5
grpo-off-policy-sweep,j9frkcon,grpo_ep4_bs256,finished,eval/format_reward,5,40,204,1,5
grpo-off-policy-sweep,j9frkcon,grpo_ep4_bs256,finished,eval/response_length,5,40,204,1,5
grpo-off-policy-sweep,j9frkcon,grpo_ep4_bs256,finished,eval/total_reward,5,40,204,1,5
grpo-off-policy-sweep,j9frkcon,grpo_ep4_bs256,finished,eval_step,5,40,204,1,5
grpo-off-policy-sweep,j9frkcon,grpo_ep4_bs256,finished,train/answer_reward,200,0,203,1,200
grpo-off-policy-sweep,j9frkcon,grpo_ep4_bs256,finished,train/clip_fraction,200,0,203,1,200
grpo-off-policy-sweep,j9frkcon,grpo_ep4_bs256,finished,train/entropy,200,0,203,1,200
grpo-off-policy-sweep,j9frkcon,grpo_ep4_bs256,finished,train/format_reward,200,0,203,1,200
grpo-off-policy-sweep,j9frkcon,grpo_ep4_bs256,finished,train/gradient_norm,200,0,203,1,200
grpo-off-policy-sweep,j9frkcon,grpo_ep4_bs256,finished,train/loss,200,0,203,1,200
grpo-off-policy-sweep,j9frkcon,grpo_ep4_bs256,finished,train/total_reward,200,0,203,1,200
grpo-off-policy-sweep,j9frkcon,grpo_ep4_bs256,finished,train_step,200,0,203,1,200
grpo-off-policy-sweep,55ui37pa,grpo_ep4_bs512,finished,eval/answer_reward,5,20,104,1,5
grpo-off-policy-sweep,55ui37pa,grpo_ep4_bs512,finished,eval/format_reward,5,20,104,1,5
grpo-off-policy-sweep,55ui37pa,grpo_ep4_bs512,finished,eval/response_length,5,20,104,1,5
grpo-off-policy-sweep,55ui37pa,grpo_ep4_bs512,finished,eval/total_reward,5,20,104,1,5
grpo-off-policy-sweep,55ui37pa,grpo_ep4_bs512,finished,eval_step,5,20,104,1,5
grpo-off-policy-sweep,55ui37pa,grpo_ep4_bs512,finished,train/answer_reward,100,0,103,1,100
grpo-off-policy-sweep,55ui37pa,grpo_ep4_bs512,finished,train/clip_fraction,100,0,103,1,100
grpo-off-policy-sweep,55ui37pa,grpo_ep4_bs512,finished,train/entropy,100,0,103,1,100
grpo-off-policy-sweep,55ui37pa,grpo_ep4_bs512,finished,train/format_reward,100,0,103,1,100
grpo-off-policy-sweep,55ui37pa,grpo_ep4_bs512,finished,train/gradient_norm,100,0,103,1,100
grpo-off-policy-sweep,55ui37pa,grpo_ep4_bs512,finished,train/loss,100,0,103,1,100
grpo-off-policy-sweep,55ui37pa,grpo_ep4_bs512,finished,train/total_reward,100,0,103,1,100
grpo-off-policy-sweep,55ui37pa,grpo_ep4_bs512,finished,train_step,100,0,103,1,100
grpo-off-policy-sweep,bsmsuzyq,grpo_ep6_bs32,finished,eval/answer_reward,5,480,2404,1,5
grpo-off-policy-sweep,bsmsuzyq,grpo_ep6_bs32,finished,eval/format_reward,5,480,2404,1,5
grpo-off-policy-sweep,bsmsuzyq,grpo_ep6_bs32,finished,eval/response_length,5,480,2404,1,5
grpo-off-policy-sweep,bsmsuzyq,grpo_ep6_bs32,finished,eval/total_reward,5,480,2404,1,5
grpo-off-policy-sweep,bsmsuzyq,grpo_ep6_bs32,finished,eval_step,5,480,2404,1,5
grpo-off-policy-sweep,bsmsuzyq,grpo_ep6_bs32,finished,train/answer_reward,2400,0,2403,1,2400
grpo-off-policy-sweep,bsmsuzyq,grpo_ep6_bs32,finished,train/clip_fraction,2400,0,2403,1,2400
grpo-off-policy-sweep,bsmsuzyq,grpo_ep6_bs32,finished,train/entropy,2400,0,2403,1,2400
grpo-off-policy-sweep,bsmsuzyq,grpo_ep6_bs32,finished,train/format_reward,2400,0,2403,1,2400
grpo-off-policy-sweep,bsmsuzyq,grpo_ep6_bs32,finished,train/gradient_norm,2400,0,2403,1,2400
grpo-off-policy-sweep,bsmsuzyq,grpo_ep6_bs32,finished,train/loss,2400,0,2403,1,2400
grpo-off-policy-sweep,bsmsuzyq,grpo_ep6_bs32,finished,train/total_reward,2400,0,2403,1,2400
grpo-off-policy-sweep,bsmsuzyq,grpo_ep6_bs32,finished,train_step,2400,0,2403,1,2400
grpo-off-policy-sweep,0tphuooo,grpo_ep6_bs64,crashed,eval/answer_reward,4,240,963,1,4
grpo-off-policy-sweep,0tphuooo,grpo_ep6_bs64,crashed,eval/format_reward,4,240,963,1,4
grpo-off-policy-sweep,0tphuooo,grpo_ep6_bs64,crashed,eval/response_length,4,240,963,1,4
grpo-off-policy-sweep,0tphuooo,grpo_ep6_bs64,crashed,eval/total_reward,4,240,963,1,4
grpo-off-policy-sweep,0tphuooo,grpo_ep6_bs64,crashed,eval_step,4,240,963,1,4
grpo-off-policy-sweep,0tphuooo,grpo_ep6_bs64,crashed,train/answer_reward,1005,0,1008,1,1005
grpo-off-policy-sweep,0tphuooo,grpo_ep6_bs64,crashed,train/clip_fraction,1005,0,1008,1,1005
grpo-off-policy-sweep,0tphuooo,grpo_ep6_bs64,crashed,train/entropy,1005,0,1008,1,1005
grpo-off-policy-sweep,0tphuooo,grpo_ep6_bs64,crashed,train/format_reward,1005,0,1008,1,1005
grpo-off-policy-sweep,0tphuooo,grpo_ep6_bs64,crashed,train/gradient_norm,1005,0,1008,1,1005
grpo-off-policy-sweep,0tphuooo,grpo_ep6_bs64,crashed,train/loss,1005,0,1008,1,1005
grpo-off-policy-sweep,0tphuooo,grpo_ep6_bs64,crashed,train/total_reward,1005,0,1008,1,1005
grpo-off-policy-sweep,0tphuooo,grpo_ep6_bs64,crashed,train_step,1005,0,1008,1,1005
grpo-prompt-ablation,auiix20i,grpo_r1-zero,finished,eval/answer_reward,20,10,219,1,20
grpo-prompt-ablation,auiix20i,grpo_r1-zero,finished,eval/format_reward,20,10,219,1,20
grpo-prompt-ablation,auiix20i,grpo_r1-zero,finished,eval/response_length,20,10,219,1,20
grpo-prompt-ablation,auiix20i,grpo_r1-zero,finished,eval/total_reward,20,10,219,1,20
grpo-prompt-ablation,auiix20i,grpo_r1-zero,finished,eval_step,20,10,219,1,20
grpo-prompt-ablation,auiix20i,grpo_r1-zero,finished,train/answer_reward,200,0,218,1,200
grpo-prompt-ablation,auiix20i,grpo_r1-zero,finished,train/entropy,200,0,218,1,200
grpo-prompt-ablation,auiix20i,grpo_r1-zero,finished,train/format_reward,200,0,218,1,200
grpo-prompt-ablation,auiix20i,grpo_r1-zero,finished,train/gradient_norm,200,0,218,1,200
grpo-prompt-ablation,auiix20i,grpo_r1-zero,finished,train/loss,200,0,218,1,200
grpo-prompt-ablation,auiix20i,grpo_r1-zero,finished,train/total_reward,200,0,218,1,200
grpo-prompt-ablation,auiix20i,grpo_r1-zero,finished,train_step,200,0,218,1,200
grpo-prompt-ablation,gu7kix6p,grpo_question-only,finished,eval/answer_reward,20,10,219,1,20
grpo-prompt-ablation,gu7kix6p,grpo_question-only,finished,eval/format_reward,20,10,219,1,20
grpo-prompt-ablation,gu7kix6p,grpo_question-only,finished,eval/response_length,20,10,219,1,20
grpo-prompt-ablation,gu7kix6p,grpo_question-only,finished,eval/total_reward,20,10,219,1,20
grpo-prompt-ablation,gu7kix6p,grpo_question-only,finished,eval_step,20,10,219,1,20
grpo-prompt-ablation,gu7kix6p,grpo_question-only,finished,train/answer_reward,200,0,218,1,200
grpo-prompt-ablation,gu7kix6p,grpo_question-only,finished,train/entropy,200,0,218,1,200
grpo-prompt-ablation,gu7kix6p,grpo_question-only,finished,train/format_reward,200,0,218,1,200
grpo-prompt-ablation,gu7kix6p,grpo_question-only,finished,train/gradient_norm,200,0,218,1,200
grpo-prompt-ablation,gu7kix6p,grpo_question-only,finished,train/loss,200,0,218,1,200
grpo-prompt-ablation,gu7kix6p,grpo_question-only,finished,train/total_reward,200,0,218,1,200
grpo-prompt-ablation,gu7kix6p,grpo_question-only,finished,train_step,200,0,218,1,200
